[
    {
        "vaccine":"Hepatitis B",
        "othername":"Other Diseases covered",
        "dateReceived":"21/02/1965", 
        "status":"Given",
        "description_1":"",
        "description_2":"",
        "description_3":"",
        "description_4":"",
        "Active":"Yes",
        "ConsumerStatus":"Consumer Seen",
        "Item_Notes":[
            {
                    "Note":"Antibodies of Hep B Done,Pt has the Immunity.",
                    "Author":"Joe Noel(Doctor)",
                    "Date":"25/07/2021"
            },
            {
                    "Note":"Antibodies of Hep B Done,Pt has the Immunity.",
                    "Author":"Joe Noel(Doctor)",
                    "Date":"25/07/2021"
            }
        ],
        "DateEntered":"25/02/2021",
        "CreatedBy":"Anonymous",
        "LastEditedBy":"25/07/2021"

    },
    {
        "vaccine":"Pneumococcal",
        "othername":"Other Diseases covered",
        "dateReceived":"05/10/1970", 
        "status":"Given",
        "description_1":"",
        "description_2":"",
        "description_3":"",
        "description_4":"",
        "Active":"Yes",
        "ConsumerStatus":"Consumer marked incorrect",
        "Item_Notes":[
            {
                    "Note":"Antibodies of Pneumococcal is given",
                    "Author":"Joe Noel(Doctor)",
                    "Date":"25/07/2021"
            },
            {
                    "Note":"Antibodies of Pneumo is given",
                    "Author":"Joe Noel(Doctor)",
                    "Date":"25/07/2021"
            }
        ],
        "DateEntered":"25/02/2021",
        "CreatedBy":"Anonymous",
        "LastEditedBy":"25/07/2021"
    },
    {
        "vaccine":"Influenza",
        "othername":"Other Diseases covered",
        "dateReceived":"05/10/1970", 
        "status":"Given",
        "description_1":"",
        "description_2":"",
        "description_3":"",
        "description_4":"",
        "Active":"Yes",
        "ConsumerStatus":"Consumer marked incorrect",
        "Item_Notes":[
            {
                    "Note":"Antibodies of Pneumococcal is given",
                    "Author":"Joe Noel(Doctor)",
                    "Date":"25/07/2021"
            },
            {
                    "Note":"Antibodies of Pneumo is given",
                    "Author":"Joe Noel(Doctor)",
                    "Date":"25/07/2021"
            }
        ],
        "DateEntered":"25/02/2021",
        "CreatedBy":"Anonymous",
        "LastEditedBy":"25/07/2021"
    }

]